{"cameraMode":{"drawMode":0,"name":"Shaded","section":"Shading Mode"},"sceneLighting":false,"audioPlay":false,"sceneViewState":{"showFog":true,"showMaterialUpdate":false,"showSkybox":false,"showFlares":true,"showImageEffects":true,"showParticleSystems":true,"showVisualEffectGraphs":true,"m_FxEnabled":true},"in2DMode":false,"pivot":{"x":-5.420000076293945,"y":0.6000000238418579,"z":-1.5700000524520875},"rotation":{"x":0.38688430190086367,"y":0.03180375695228577,"z":-0.013352775014936924,"w":0.9214839339256287},"size":0.6964194178581238,"orthographic":false}