{"cameraMode":{"drawMode":0,"name":"Shaded","section":"Shading Mode"},"sceneLighting":true,"audioPlay":false,"sceneViewState":{"showFog":true,"showMaterialUpdate":false,"showSkybox":true,"showFlares":true,"showImageEffects":true,"showParticleSystems":true,"showVisualEffectGraphs":true,"m_FxEnabled":true},"in2DMode":false,"pivot":{"x":0.9478185772895813,"y":0.6765773296356201,"z":1.0280930995941163},"rotation":{"x":-0.20200110971927644,"y":-0.005295879207551479,"z":0.0010911518475040794,"w":-0.9793950915336609},"size":5.681685924530029,"orthographic":false}