{"cameraMode":{"drawMode":0,"name":"Shaded","section":"Shading Mode"},"sceneLighting":false,"audioPlay":false,"sceneViewState":{"showFog":true,"showMaterialUpdate":false,"showSkybox":false,"showFlares":true,"showImageEffects":true,"showParticleSystems":true,"showVisualEffectGraphs":true,"m_FxEnabled":true},"in2DMode":false,"pivot":{"x":5.960464477539063e-8,"y":0.7141001224517822,"z":0.029300019145011903},"rotation":{"x":-0.0032727073412388565,"y":0.9851824045181274,"z":-0.17044200003147126,"w":-0.01891712099313736},"size":1.0428720712661744,"orthographic":false}