{"cameraMode":{"drawMode":0,"name":"Shaded","section":"Shading Mode"},"sceneLighting":false,"audioPlay":false,"sceneViewState":{"showFog":true,"showMaterialUpdate":false,"showSkybox":false,"showFlares":true,"showImageEffects":true,"showParticleSystems":true,"showVisualEffectGraphs":true,"m_FxEnabled":true},"in2DMode":false,"pivot":{"x":-1.2100000381469727,"y":-3.7835404872894289,"z":2.6128573417663576},"rotation":{"x":-0.012309355661273003,"y":0.002096728654578328,"z":-0.000025713616196298972,"w":-0.9999240040779114},"size":0.6070393323898315,"orthographic":false}