{"cameraMode":{"drawMode":0,"name":"Shaded","section":"Shading Mode"},"sceneLighting":false,"audioPlay":false,"sceneViewState":{"showFog":true,"showMaterialUpdate":false,"showSkybox":false,"showFlares":true,"showImageEffects":true,"showParticleSystems":true,"showVisualEffectGraphs":true,"m_FxEnabled":true},"in2DMode":false,"pivot":{"x":-1.7423344850540162,"y":3.2757444381713869,"z":-2.2975664138793947},"rotation":{"x":-0.12209188938140869,"y":-0.008344351314008236,"z":0.0010252402862533928,"w":-0.9925065636634827},"size":1.0898981094360352,"orthographic":false}