{"cameraMode":{"drawMode":0,"name":"Shaded","section":"Shading Mode"},"sceneLighting":false,"audioPlay":false,"sceneViewState":{"showFog":true,"showMaterialUpdate":false,"showSkybox":false,"showFlares":true,"showImageEffects":true,"showParticleSystems":true,"showVisualEffectGraphs":true,"m_FxEnabled":true},"in2DMode":false,"pivot":{"x":8.600000381469727,"y":0.9900000095367432,"z":-0.3799999952316284},"rotation":{"x":-0.3824017345905304,"y":0.0060897888615727428,"z":-0.002525016665458679,"w":-0.923984706401825},"size":0.9797956943511963,"orthographic":false}